country,city_code,city_name,latitude,longitude,population,area,state
colombia,5002,ABEJORRAL,"5,78930111433","-75,4287403904",18642,118,Antioquia
colombia,5004,ABRIAQUI,"6,63228195504","-76,0642948678",12734,104,Antioquia
colombia,50006,ACACiAS,"3,99012009704","-73,7659360698",117634,1373,Meta
colombia,41006,ACEVEDO,"1,80526386823","-75,8885349597",14955,340,Huila
colombia,13006,ACHI,"8,56945622216","-74,5575205453",9103,319,Bolívar
colombia,41013,AGRADO,"2,259730156","-75,7719044253",13314,222,Huila
colombia,25001,AGUA DE DIOS,"4,37531467846","-74,6692192503",9449,131,Cundinamarca
colombia,20011,AGUACHICA,"8,30735417168","-73,6129927186",126284,982,Cesar
colombia,68013,AGUADA,"6,16224498637","-73,5232262196",7803,108,Santander
colombia,17013,AGUADAS,"5,61024846724","-75,454871642",44746,121,Caldas
colombia,85010,AGUAZUL,"5,17269004261","-72,5463004198",47072,1267,Casanare
colombia,20013,AGUSTIN CODAZZI,"10,040457318","-73,2383965158",90909,966,Cesar
colombia,41016,AIPE,"3,22359766887","-75,2390312259",20551,334,Huila
colombia,25019,ALBAN,"4,87802613952","-74,4382648986",22049,118,Cundinamarca
colombia,52019,ALBAN,"1,47496804045","-77,0807152293",18417,431,Nariño
colombia,44035,ALBANIA,"11,1516112258","-72,6123282482",25691,295,La Guajira
colombia,68020,ALBANIA,"5,7589853512","-73,9140635028",21438,150,Santander
colombia,52022,ALDANA,"0,882181786542","-77,7003576715",9254,406,Nariño
colombia,5021,ALEJANDRIA,"6,37606264274","-75,141334501",11733,97,Antioquia
colombia,47030,ALGARROBO,"10,1880372898","-74,061131388",22087,920,Magdalena
colombia,41020,ALGECIRAS,"2,52244696827","-75,3153713579",24451,438,Huila
colombia,19022,ALMAGUER,"1,91336278103","-76,8559227702",15525,287,Cauca
colombia,15022,ALMEIDA,"4,97085237348","-73,378935594",7541,306,Boyacá
colombia,73024,ALPUJARRA,"3,39173454082","-74,932858783",13236,95,Tolima
colombia,41026,ALTAMIRA,"2,06371185583","-75,7883602228",5519,190,Huila
colombia,27025,ALTO BAUDO,"5,51630698233","-76,9743941367",16417,2366,Chocó
colombia,13030,ALTOS DEL ROSARIO,"8,79160326038","-74,1650526808",9481,242,Bolívar
colombia,73026,AMBALEMA,"4,56734522829","-74,9535551796",19686,329,Tolima
colombia,25035,ANAPOIMA,"4,562955419","-74,5285181395",12622,106,Cundinamarca
colombia,11001,ANDALUCIA,"4,64993705899","-74,106715324",13466,10,Bogotá
colombia,5034,ANDES,"5,65676971311","-75,878794075",28862,648,Antioquia
colombia,25040,ANOLAIMA,"4,76169908987","-74,4638356057",9613,114,Cundinamarca
colombia,5040,ANORI,"7,07471004137","-75,1483449609",15192,511,Antioquia
colombia,76041,ANSERMANUEVO,"4,79492075239","-75,9919821845",18925,80,Valle del Cauca
colombia,5044,ANZA,"6,3026667644","-75,854448759",12677,313,Antioquia
colombia,73043,ANZOATEGUI,"4,63175549718","-75,093777187",7760,100,Tolima
colombia,5045,APARTADO,"7,88325108195","-76,6258909217",66283,559,Antioquia
colombia,66045,APIA,"5,10652456009","-75,942359483",51572,1014,Risaralda
colombia,25599,APULO,"4,52034489324","-74,5938056203",5617,115,Cundinamarca
colombia,15047,AQUITANIA,"5,51860567807","-72,8839843241",16094,381,Boyacá
colombia,47053,ARACATACA,"10,5897988592","-74,1867609537",42856,479,Magdalena
colombia,17050,ARANZAZU,"5,27119632374","-75,4912889044",26641,118,Caldas
colombia,68051,ARATOCA,"6,694438882","-73,0178497692",9791,123,Santander
colombia,81001,ARAUCA,"7,07390170095","-70,748009803",66943,2948,Arauca
colombia,25053,ARBELAEZ,"4,27248220101","-74,4148233831",16358,101,Cundinamarca
colombia,52051,ARBOLEDA,"1,50354352592","-77,1353971483",17044,1296,Nariño
colombia,54051,ARBOLEDAS,"7,64297110663","-72,7988785326",48785,557,Norte de Santander
colombia,5051,ARBOLETES,"8,84991827334","-76,4266581639",27917,527,Antioquia
colombia,15051,ARCABUCO,"5,75546754184","-73,4375431565",33622,242,Boyacá
colombia,5055,ARGELIA,"5,73147922832","-75,1410633595",22059,202,Antioquia
colombia,19050,ARGELIA,"2,2567543324","-77,2494517909",12911,503,Cauca
colombia,76054,ARGELIA,"4,72695251407","-76,1199028275",28399,150,Valle del Cauca
colombia,47058,ARIGUANI,"9,84705461368","-74,2364991914",15710,469,Magdalena
colombia,13052,ARJONA,"10,256630539","-75,3444876588",47205,469,Bolívar
colombia,5059,ARMENIA,"6,15567240561","-75,7866245369",290108,121,Antioquia
colombia,63001,ARMENIA,"4,535987208","-75,6807545438",288042,121,Quindío
colombia,13062,ARROYOHONDO,"10,250075878","-75,019214913",7707,261,Bolívar
colombia,20032,ASTREA,"9,49816273938","-73,9758629785",8707,86,Cesar
colombia,73067,ATACO,"3,59063460119","-75,3825339259",8446,136,Tolima
colombia,27050,ATRATO,"5,53082848038","-76,6365334497",17253,3780,Chocó
colombia,27073,BAGADO,"5,41055568413","-76,4152936715",37115,3305,Chocó
colombia,27075,BAHIA SOLANO,"6,22210938552","-77,4020347686",7892,439,Chocó
colombia,27077,BAJO BAUDO,"4,95462720339","-77,3654122009",19072,803,Chocó
colombia,19075,BALBOA,"2,04048647608","-77,2158965955",11770,153,Cauca
colombia,66075,BALBOA,"4,94900740381","-75,9586806381",22336,152,Risaralda
colombia,8078,BARANOA,"10,7948815688","-74,916106093",33743,362,Atlántico
colombia,41078,BARAYA,"3,15255100755","-75,0544887925",11841,282,Huila
colombia,5079,BARBOSA,"6,4392260115","-75,3316403017",49271,70,Antioquia
colombia,68077,BARBOSA,"5,93261018035","-73,6159986977",35003,1125,Santander
colombia,68079,BARICHARA,"6,63423130708","-73,2230998455",7415,194,Santander
colombia,50110,BARRANCA DE UPIA,"4,56720152053","-72,9632757114",8359,223,Meta
colombia,68081,BARRANCABERMEJA,"7,06496573153","-73,8499567312",308415,1167,Santander
colombia,44078,BARRANCAS,"10,9586657579","-72,7935757813",57325,459,La Guajira
colombia,13074,BARRANCO DE LOBA,"8,94773040932","-74,105224848",24901,243,Bolívar
colombia,8001,BARRANQUILLA,"10,9783195607","-74,8132169683",1306402,154,Atlántico
colombia,20045,BECERRIL,"9,70460046236","-73,2791963317",26724,382,Cesar
colombia,17088,BELALCAZAR,"4,99382148715","-75,8119012073",7480,129,Caldas
colombia,52083,BELEN,"1,59563639683","-77,0156674722",10364,502,Nariño
colombia,18094,BELEN DE LOS ANDAQUIES,"1,41578334458","-75,8724736813",7995,1120,Caquetá
colombia,66088,BELEN DE UMBRIA,"5,20064515187","-75,868216089",23657,117,Risaralda
colombia,5088,BELLO,"6,33406558292","-75,5546673053",412873,142,Antioquia
colombia,25086,BELTRAN,"4,80281214522","-74,7418022426",10241,75,Cundinamarca
colombia,15090,BERBEO,"5,22728677682","-73,1270304656",15726,545,Boyacá
colombia,15092,BETEITIVA,"5,90990555091","-72,809032309",9253,269,Boyacá
colombia,5093,BETULIA,"6,11525553285","-75,9845155699",17611,184,Antioquia
colombia,68092,BETULIA,"6,89952350256","-73,2836713462",7316,391,Santander
colombia,25095,BITUIMA,"4,87224216957","-74,5396180099",11032,134,Cundinamarca
colombia,15097,BOAVITA,"6,33065368603","-72,5849675798",15200,234,Boyacá
colombia,54099,BOCHALEMA,"7,61216882308","-72,6470372457",14315,102,Norte de Santander
colombia,11001,"BOGOTA, D.C.","4,64993705899","-74,106715324",7181127,177,Bogotá
colombia,27099,BOJAYA,"6,556244573","-76,883465791",3597,3061,Chocó
colombia,19100,BOLIVAR,"1,83741330862","-76,966314876",14785,238,Cauca
colombia,68101,BOLIVAR,"5,98895175043","-73,7713434117",3423,211,Santander
colombia,20060,BOSCONIA,"9,975094669","-73,888765758",33110,354,Cesar
colombia,15104,BOYACA,"5,45423551545","-73,3623009748",8490,229,Boyacá
colombia,15106,BRICEÑO,"5,6908769735","-73,9232607965",10162,95,Boyacá
colombia,68001,BUCARAMANGA,"7,11626842734","-73,1325976221",1056018,165,Santander
colombia,54109,BUCARASICA,"8,04116298794","-72,8679545898",11715,200,Norte de Santander
colombia,76109,BUENAVENTURA,"3,87580334574","-77,0117477782",403596,3691,Valle del Cauca
colombia,15109,BUENAVISTA,"5,51242923727","-73,9423004687",20178,482,Boyacá
colombia,23079,BUENAVISTA,"8,22116707849","-75,4808968789",43811,1099,Córdoba
colombia,70110,BUENAVISTA,"9,31985711931","-74,9730193151",31351,389,Sucre
colombia,52110,BUESACO,"1,38144599558","-77,1564755847",2606,238,Nariño
colombia,25120,CABRERA,"3,98514461399","-74,4845451143",11226,124,Cundinamarca
colombia,68121,CABRERA,"6,59226462461","-73,2465030679",9396,87,Santander
colombia,50124,CABUYARO,"4,28592465004","-72,7919811358",29596,138,Meta
colombia,25123,CACHIPAY,"4,73095518422","-74,4357007521",7853,31,Cundinamarca
colombia,54128,CACHIRA,"7,74089485038","-73,0487542769",11614,93,Norte de Santander
colombia,54125,CACOTA,"7,26870600207","-72,6420639099",10360,291,Norte de Santander
colombia,5125,CAICEDO,"6,40556397358","-75,9828123649",23350,177,Antioquia
colombia,73124,CAJAMARCA,"4,436677041","-75,435485263",18719,185,Tolima
colombia,19130,CAJIBIO,"2,62334023515","-76,5708848354",32640,134,Cauca
colombia,25126,CAJICA,"4,92081005268","-74,0234537112",33937,170,Cundinamarca
colombia,13140,CALAMAR,"10,2503611819","-74,9161222621",36112,481,Bolívar
colombia,95015,CALAMAR,"1,96010887255","-72,6551728661",9816,7440,Guaviare
colombia,63130,CALARCA,"4,52148797904","-75,6455330683",60876,121,Quindío
colombia,15131,CALDAS,"5,55457589379","-73,865542982",81797,223,Boyacá
colombia,19137,CALDONO,"2,79812829791","-76,4844459642",33708,666,Cauca
colombia,76001,CALI,"3,4144187719","-76,5215601611",2438927,560,Valle del Cauca
colombia,68132,CALIFORNIA,"7,34788166378","-72,9463686609",7084,244,Santander
colombia,76126,CALIMA,"3,93352588351","-76,4843909802",27073,388,Valle del Cauca
colombia,19142,CALOTO,"3,03407175083","-76,4084869367",56028,275,Cauca
colombia,5134,CAMPAMENTO,"6,97977648289","-75,298084784",13379,137,Antioquia
colombia,15135,CAMPOHERMOSO,"5,03166002315","-73,104168327",5655,215,Boyacá
colombia,23090,CANALETE,"8,78694391327","-76,2413961216",8247,388,Córdoba
colombia,76130,CANDELARIA,"3,4077643196","-76,3464295384",242491,191,Valle del Cauca
colombia,13160,CANTAGALLO,"7,37831394834","-73,9146507991",6533,493,Bolívar
colombia,27135,CANTON DE SAN PABLO,"5,33533455707","-76,726851998",7622,760,Chocó
colombia,25148,CAPARRAPI,"5,34794115431","-74,4911179964",5237,157,Cundinamarca
colombia,68147,CAPITANEJO,"6,52741643996","-72,6954661576",9697,200,Santander
colombia,5142,CARACOLI,"6,40985175825","-74,7574542879",21181,196,Antioquia
colombia,5147,CAREPA,"7,75511548219","-76,653210744",109626,822,Antioquia
colombia,73148,CARMEN DE APICALA,"4,15094359506","-74,7163719929",15072,79,Tolima
colombia,25154,CARMEN DE CARUPA,"5,34911594802","-73,901570514",10689,110,Cundinamarca
colombia,27150,CARMEN DEL DARIEN,"7,15815746442","-76,9707219132",9574,4278,Chocó
colombia,13001,CARTAGENA,"10,3849883546","-75,4964264795",892446,572,Bolívar
colombia,76147,CARTAGO,"4,758755097","-75,942264044",125336,120,Valle del Cauca
colombia,50150,CASTILLA LA NUEVA,"3,82804244894","-73,6881308587",20918,663,Meta
colombia,68160,CEPITA,"6,75351236838","-72,9735370615",7128,67,Santander
colombia,68162,CERRITO,"6,84027556538","-72,6950486627",13969,276,Santander
colombia,47161,CERRO SAN ANTONIO,"10,3256533075","-74,8684730704",11943,442,Magdalena
colombia,27160,CERTEGUI,"5,37158958934","-76,6080268196",4562,1542,Chocó
colombia,52240,CHACHAGUI,"1,36032207453","-77,2816959",8065,358,Nariño
colombia,25168,CHAGUANI,"4,9489152926","-74,5934553124",5826,124,Cundinamarca
colombia,70230,CHALAN,"9,54535812429","-75,3126950363",17463,693,Sucre
colombia,85015,CHAMEZA,"5,21431249951","-72,8702376042",11200,329,Casanare
colombia,73168,CHAPARRAL,"3,72306834875","-75,4807434103",120519,591,Tolima
colombia,68167,CHARALA,"6,28434433944","-73,1468716584",15479,155,Santander
colombia,68169,CHARTA,"7,28081908866","-72,9687942408",9431,100,Santander
colombia,25175,CHIA,"4,86606490054","-74,0503469604",129153,76,Cundinamarca
colombia,23168,CHIMA,"9,14947838025","-75,6268945872",9082,292,Córdoba
colombia,68176,CHIMA,"6,34435038365","-73,3737319916",8112,114,Santander
colombia,20175,CHIMICHAGUA,"9,2582722175","-73,8133298841",25933,613,Cesar
colombia,54172,CHINACOTA,"7,60295918667","-72,601158456",33486,178,Norte de Santander
colombia,17174,CHINCHINa,"4,98581250175","-75,6074818919",26641,397,Caldas
colombia,23182,CHINU,"9,10529229865","-75,3997215182",64143,838,Córdoba
colombia,25178,CHIPAQUE,"4,44267057023","-74,0448735948",12828,72,Cundinamarca
colombia,68179,CHIPATA,"6,06252035758","-73,6371138841",11235,167,Santander
colombia,15176,CHIQUINQUIRA,"5,61412836353","-73,8183869915",62010,97,Boyacá
colombia,15232,CHIQUIZA,"5,60541181948","-73,4851277444",6118,173,Boyacá
colombia,20178,CHIRIGUANA,"9,36118941734","-73,600147529",18477,443,Cesar
colombia,54174,CHITAGA,"7,1381248415","-72,665435191",18071,441,Norte de Santander
colombia,15185,CHITARAQUE,"6,02742601824","-73,4471010235",11482,402,Boyacá
colombia,15187,CHIVATA,"5,55894934359","-73,2825292916",7002,167,Boyacá
colombia,15236,CHIVOR,"4,88778166","-73,366893755",19539,531,Boyacá
colombia,13188,CICUCO,"9,27456085808","-74,645585537",13351,353,Bolívar
colombia,23189,CIENAGA DE ORO,"8,87550305273","-75,6207853009",37224,789,Córdoba
colombia,15189,CIENEGA,"5,40870037319","-73,296061354",18872,250,Boyacá
colombia,68190,CIMITARRA,"6,32063022524","-73,9525715248",14625,463,Santander
colombia,63190,CIRCASIA,"4,61779473259","-75,6365262734",45415,106,Quindío
colombia,5197,COCORNA,"6,05830616761","-75,1854817244",46284,606,Antioquia
colombia,73200,COELLO,"4,28728335548","-74,8984673202",13461,132,Tolima
colombia,25200,COGUA,"5,06184103042","-73,9784922543",30928,86,Cundinamarca
colombia,41206,COLOMBIA,"3,37697664839","-74,8028152505",15645,470,Huila
colombia,52203,COLON,"1,64387397047","-77,0197774382",11735,1281,Nariño
colombia,86219,COLON,"1,18982685673","-76,9723019042",11640,1188,Putumayo
colombia,70204,COLOSO,"9,49419213204","-75,353257884",32281,431,Sucre
colombia,15204,COMBITA,"5,63454905762","-73,3239523652",15289,196,Boyacá
colombia,5206,CONCEPCION,"6,39435397644","-75,257601243",22311,301,Antioquia
colombia,5209,CONCORDIA,"6,04608659615","-75,9084535194",58060,178,Antioquia
colombia,27205,CONDOTO,"5,09100466095","-76,6506792768",26765,1724,Chocó
colombia,68209,CONFINES,"6,35733168284","-73,2405558524",7583,103,Santander
colombia,52207,CONSACA,"1,20762916553","-77,4657291646",8612,207,Nariño
colombia,52210,CONTADERO,"0,910459437261","-77,5494126615",6040,267,Nariño
colombia,5212,COPACABANA,"6,34863947056","-75,5093435119",120748,54,Antioquia
colombia,15212,COPER,"5,47498409448","-74,0454584503",11153,266,Boyacá
colombia,52215,CORDOBA,"0,854572506919","-77,5178993163",186504,44,Nariño
colombia,68217,COROMORO,"6,29499521987","-73,0408156038",14451,245,Santander
colombia,15215,CORRALES,"5,82810438505","-72,8447949701",13080,228,Boyacá
colombia,25214,COTA,"4,81298461","-74,1027271672",28441,161,Cundinamarca
colombia,23300,COTORRA,"9,03708855987","-75,7991480544",19329,519,Córdoba
colombia,15218,COVARACHIA,"6,50018289986","-72,7389763109",7734,180,Boyacá
colombia,70221,COVEÑAS,"9,4028636807","-75,6800839749",50949,207,Sucre
colombia,73217,COYAIMA,"3,79803620302","-75,193878839",14737,211,Tolima
colombia,81220,CRAVO NORTE,"6,30345968824","-70,2035859163",16537,1092,Arauca
colombia,52224,CUASPUD,"0,862979644125","-77,7289485108",23007,1022,Nariño
colombia,15224,CUCAITA,"5,54445121651","-73,4543383107",15331,254,Boyacá
colombia,54001,CUCUTA,"7,90558402069","-72,5080651202",631265,1165,Norte de Santander
colombia,54223,CUCUTILLA,"7,53899847059","-72,7725742725",11574,90,Norte de Santander
colombia,15226,CUITIVA,"5,58036631554","-72,9659185304",5940,119,Boyacá
colombia,50226,CUMARAL,"4,26953744789","-73,4861069057",23587,1091,Meta
colombia,99773,CUMARIBO,"4,44635160128","-69,7955302016",21791,29276,Vichada
colombia,52233,CUMBITARA,"1,6468385371","-77,5781428707",8527,646,Nariño
colombia,76233,DAGUA,"3,65666318922","-76,6889953357",50224,183,Valle del Cauca
colombia,44090,DIBULLA,"11,2715687878","-73,3076206855",29932,173,La Guajira
colombia,44098,DISTRACCION,"10,8984720802","-72,8873913777",20568,1007,La Guajira
colombia,5237,DON MATiAS,"6,48560723899","-75,3926751288",14875,96,Antioquia
colombia,66170,DOSQUEBRADAS,"4,83402887527","-75,6761693197",207413,47,Risaralda
colombia,15238,DUITAMA,"5,82298464605","-73,030610836",121861,118,Boyacá
colombia,54239,DURANIA,"7,71477918347","-72,6586018005",6758,335,Norte de Santander
colombia,5240,EBEJICO,"6,32605663471","-75,7662136607",19416,481,Antioquia
colombia,76243,EL AGUILA,"4,90602658761","-76,0427931347",18248,103,Valle del Cauca
colombia,76246,EL CAIRO,"4,76088330419","-76,2216047795",45814,104,Valle del Cauca
colombia,50245,EL CALVARIO,"4,35261856617","-73,7133268969",4690,205,Meta
colombia,54245,EL CARMEN,"8,51059912297","-73,4467003188",27433,428,Norte de Santander
colombia,27245,EL CARMEN DE ATRATO,"5,89975011243","-76,1422304494",45297,2781,Chocó
colombia,76248,EL CERRITO,"3,68425970818","-76,3117262705",43412,204,Valle del Cauca
colombia,20238,EL COPEY,"10,1495254704","-73,9627178522",29173,245,Cesar
colombia,18247,EL DONCELLO,"1,67986937815","-75,2835647468",16151,798,Caquetá
colombia,50270,EL DORADO,"3,7399977854","-73,8350177222",7322,204,Meta
colombia,76250,EL DOVIO,"4,51045798809","-76,2370824654",26886,91,Valle del Cauca
colombia,15248,EL ESPINO,"6,48303062085","-72,4970129087",7294,187,Boyacá
colombia,68245,EL GUACAMAYO,"6,24512015463","-73,496894218",9810,176,Santander
colombia,27250,El Litoral del San Juan,"4,25949242052","-77,3633542391",37781,2278,Chocó
colombia,20250,EL PASO,"9,66847095606","-73,741788511",28372,317,Cesar
colombia,18256,EL PAUJIL,"1,57037091057","-75,3261226748",22129,1161,Caquetá
colombia,52254,EL PEÑOL,"1,45356662393","-77,4385211287",62936,115,Nariño
colombia,25258,EL PEÑON,"5,24882650548","-74,2901958765",26303,115,Cundinamarca
colombia,68250,EL PEÑON,"6,05505062658","-73,8156489155",24781,218,Santander
colombia,47258,EL PINON,"10,4030943537","-74,8232919445",11587,366,Magdalena
colombia,68255,EL PLAYON,"7,47071669899","-73,2028762556",18719,250,Santander
colombia,95025,EL RETORNO,"2,33015845935","-72,6271855241",20037,11208,Guaviare
colombia,70233,EL ROBLE,"9,10066970519","-75,1984347707",15093,172,Sucre
colombia,25260,EL ROSAL,"4,85053609442","-74,2630068618",31147,109,Cundinamarca
colombia,52256,EL ROSARIO,"1,74529986473","-77,334167969",9114,137,Nariño
colombia,52258,El Tablon de Gomez,"1,42704940171","-77,0967278598",7600,575,Nariño
colombia,52260,EL TAMBO,"1,4076491661","-77,3902057813",19172,922,Nariño
colombia,54250,EL TARRA,"8,57676937385","-73,0948482229",20397,453,Norte de Santander
colombia,41244,ELIAS,"2,01270035981","-75,9380188082",6789,287,Huila
colombia,68264,ENCINO,"6,13741450884","-73,0987358142",8935,204,Santander
colombia,68266,ENCISO,"6,66803370305","-72,6996509127",8177,248,Santander
colombia,5266,ENVIGADO,"6,16700589298","-75,5830089369",223683,82,Antioquia
colombia,25269,FACATATIVA,"4,81303164667","-74,3502169563",136442,118,Cundinamarca
colombia,15272,FIRAVITOBA,"5,66892506903","-72,9933618342",9721,242,Boyacá
colombia,73275,FLANDES,"4,2763717138","-74,8187677213",20124,251,Tolima
colombia,18001,FLORENCIA,"1,61792408755","-75,6085597398",141949,8898,Caquetá
colombia,19290,FLORENCIA,"1,68251705547","-77,0725301404",192120,1317,Cauca
colombia,68271,FLORIAN,"5,80465898835","-73,9714235605",6244,103,Santander
colombia,68276,FLORIDABLANCA,"7,07236450273","-73,0990307075",298979,159,Santander
colombia,81300,FORTUL,"6,79707707295","-71,7685562393",48306,1180,Arauca
colombia,25281,FOSCA,"4,33910044417","-73,9390162392",5484,101,Cundinamarca
colombia,52520,FRANCISCO PIZARRO,"2,04081311248","-78,6581805636",6245,561,Nariño
colombia,5282,FREDONIA,"5,9280855467","-75,6750932516",45766,206,Antioquia
colombia,50287,FUENTE DE ORO,"3,46287020088","-73,6179805402",13191,1047,Meta
colombia,47288,FUNDACION,"10,5140917977","-74,1913417387",31472,957,Magdalena
colombia,25286,FUNZA,"4,71038172914","-74,2014894559",85526,113,Cundinamarca
colombia,25288,FUQUENE,"5,40403277371","-73,7958567831",6851,90,Cundinamarca
colombia,25293,GACHALA,"4,69357747191","-73,5201588297",7701,187,Cundinamarca
colombia,25295,GACHANCIPA,"4,99091874874","-73,8734668101",32681,110,Cundinamarca
colombia,15293,GACHANTIVA,"5,75188848507","-73,5490931245",7295,221,Boyacá
colombia,25297,GACHETA,"4,81641129086","-73,6363761477",14748,159,Cundinamarca
colombia,68296,GALAN,"6,638415125","-73,2877642173",9100,150,Santander
colombia,70235,GALERAS,"9,15967339965","-75,0494186572",19485,220,Sucre
colombia,68298,GAMBITA,"5,94597839459","-73,3441797754",15413,169,Santander
colombia,41298,GARZON,"2,1964533881","-75,6270510273",117643,619,Huila
colombia,63302,GeNOVA,"4,20651089858","-75,790631528",54085,56,Quindío
colombia,41306,GIGANTE,"2,38403102318","-75,5476811212",13669,418,Huila
colombia,76306,GINEBRA,"3,72418135814","-76,2680666157",25124,81,Valle del Cauca
colombia,5306,GIRALDO,"6,68080793863","-75,9521573015",31871,180,Antioquia
colombia,25307,GIRARDOT,"4,31307939531","-74,7977961492",109305,152,Cundinamarca
colombia,68307,GIRON,"7,07052391696","-73,1667133582",27532,293,Santander
colombia,54313,GRAMALOTE,"0,","0,",17949,114,Norte de Santander
colombia,5313,GRANADA,"6,1429023597","-75,1844500639",77113,245,Antioquia
colombia,25312,GRANADA,"4,51976536572","-74,3507638172",17671,138,Cundinamarca
colombia,50313,GRANADA,"3,5466952856","-73,7057158517",8444,575,Meta
colombia,68318,GUACA,"6,87656058399","-72,8563231479",11290,327,Santander
colombia,15317,GUACAMAYAS,"6,45966545849","-72,5008156901",10936,277,Boyacá
colombia,76318,GUACARI,"3,76290954608","-76,3313674083",52616,378,Valle del Cauca
colombia,19300,GUACHENE,"3,13415024191","-76,3921808995",6426,551,Cauca
colombia,25317,GUACHETA,"5,38374153344","-73,6870945845",8442,108,Cundinamarca
colombia,41319,GUADALUPE,"2,0241600111","-75,7570381788",19298,774,Huila
colombia,68320,GUADALUPE,"6,24584325297","-73,4192939265",9374,125,Santander
colombia,25320,GUADUAS,"5,07187008998","-74,6029553866",35197,254,Cundinamarca
colombia,52320,GUAITARILLA,"1,12963027843","-77,5496855022",11488,329,Nariño
colombia,52323,GUALMATAN,"0,919672117789","-77,5686640969",9360,236,Nariño
colombia,47318,GUAMAL,"9,14438638111","-74,2236997384",24738,401,Magdalena
colombia,50318,GUAMAL,"3,88014002777","-73,7699625676",21525,1434,Meta
colombia,68322,GUAPOTA,"6,30858560635","-73,3206973026",8318,189,Santander
colombia,70265,GUARANDA,"8,464847043","-74,538345419",12976,147,Sucre
colombia,5318,GUARNE,"6,27802696108","-75,4416535712",22295,85,Antioquia
colombia,5321,GUATAPE,"6,23240969843","-75,1600208818",6473,57,Antioquia
colombia,25324,GUATAQUI,"4,5174185796","-74,7899684165",11474,78,Cundinamarca
colombia,15322,GUATEQUE,"5,0073212036","-73,4712060695",19323,319,Boyacá
colombia,68324,GUAVATA,"5,95413334223","-73,7008028162",11318,176,Santander
colombia,25328,GUAYABAL DE SIQUIMA,"4,87796944798","-74,4674372775",25460,102,Cundinamarca
colombia,68327,GuEPSA,"6,02517506342","-73,5748541849",13933,85,Santander
colombia,15332,GÜICAN,"6,46285998881","-72,411765819",6985,167,Boyacá
colombia,54344,HACARI,"8,32170628125","-73,1459704225",28045,201,Norte de Santander
colombia,68344,HATO,"6,543874338","-73,3082704431",6364,92,Santander
colombia,85125,HATO COROZAL,"6,15617263862","-71,7649240225",25335,2262,Casanare
colombia,5347,HELICONIA,"6,20676229056","-75,7343322889",53836,101,Antioquia
colombia,54347,HERRAN,"7,50654351972","-72,4835192832",22161,355,Norte de Santander
colombia,73347,HERVEO,"5,08023410848","-75,1771319171",8886,64,Tolima
colombia,5353,HISPANIA,"5,79946280832","-75,906590966",46026,66,Antioquia
colombia,41349,HOBO,"2,58082594244","-75,4477305142",9538,201,Huila
colombia,73349,HONDA,"5,2015089","-74,741577974",23187,319,Tolima
colombia,73001,IBAGUE,"4,43280938914","-75,1953679078",529390,1508,Tolima
colombia,52352,ILES,"0,969202404611","-77,5209761227",6027,311,Nariño
colombia,52354,IMUES,"1,05513327782","-77,4961681198",10912,355,Nariño
colombia,19355,INZA,"2,54918501375","-76,0634951224",18384,321,Cauca
colombia,52356,IPIALES,"0,827735060636","-77,6463999012",106409,1159,Nariño
colombia,41357,IQUIRA,"2,64935228705","-75,6345024698",10030,355,Huila
colombia,41359,ISNOS,"1,92947064584","-76,2176399095",22153,406,Huila
colombia,5360,ITAGUI,"6,174929734","-75,6120815283",256319,53,Antioquia
colombia,27361,ITSMINA,"5,15394631811","-76,6851798282",12765,594,Chocó
colombia,5361,ITUANGO,"7,17163748398","-75,7646752276",17673,800,Antioquia
colombia,19364,JAMBALO,"2,7778396408","-76,3238756382",8641,105,Cauca
colombia,76364,JAMUNDI,"3,25932906918","-76,5391224672",97380,145,Valle del Cauca
colombia,5368,JERICO,"5,78974203756","-75,7855038531",23685,98,Antioquia
colombia,15368,JERICO,"6,14575069674","-72,5711238428",8496,124,Boyacá
colombia,25368,JERUSALEN,"4,56230969976","-74,6954162724",5531,53,Cundinamarca
colombia,68368,JESUS MARIA,"5,87654384542","-73,7833343323",6359,60,Santander
colombia,68370,JORDAN,"6,73273201198","-73,0960393391",6998,180,Santander
colombia,25372,JUNIN,"4,79038167706","-73,6629251148",9826,89,Cundinamarca
colombia,27372,JURADO,"7,10361916064","-77,7627510362",10201,1096,Chocó
colombia,23350,LA APARTADA,"8,04990063857","-75,3357616802",26325,447,Córdoba
colombia,41378,LA ARGENTINA,"2,19824600615","-75,9797673085",6585,323,Huila
colombia,68377,LA BELLEZA,"5,85955359883","-73,9656247433",29710,176,Santander
colombia,25377,LA CALERA,"4,72138578652","-73,967966495",53263,123,Cundinamarca
colombia,5376,LA CEJA,"6,02805465836","-75,4294329272",46577,118,Antioquia
colombia,66383,LA CELIA,"5,00286711372","-76,0030868756",15404,61,Risaralda
colombia,52378,LA CRUZ,"1,60134086722","-76,9705345817",8581,399,Nariño
colombia,76377,LA CUMBRE,"3,64944411346","-76,5679334087",14359,40,Valle del Cauca
colombia,17380,LA DORADA,"5,46047440177","-74,6684167053",97970,1147,Caldas
colombia,54385,LA ESPERANZA,"7,63999106968","-73,3278977166",25903,319,Norte de Santander
colombia,5380,LA ESTRELLA,"6,15841993","-75,645190382",54908,45,Antioquia
colombia,52381,LA FLORIDA,"1,299192798","-77,406436071",8088,437,Nariño
colombia,20383,LA GLORIA,"8,61929805971","-73,8032098836",25189,382,Cesar
colombia,20400,LA JAGUA DE IBIRICO,"9,56388783532","-73,3342269159",36722,372,Cesar
colombia,44420,LA JAGUA DEL PILAR,"10,5116713993","-73,0725613221",27891,321,La Guajira
colombia,52385,LA LLANADA,"1,47264363566","-77,5807206702",7253,554,Nariño
colombia,50350,LA MACARENA,"2,17821444079","-73,7870674795",23416,10898,Meta
colombia,17388,LA MERCED,"5,3963721836","-75,5465723441",23550,140,Caldas
colombia,25386,LA MESA,"4,63104312817","-74,4615492187",28485,188,Cundinamarca
colombia,18410,LA MONTAÑITA,"1,4791703207","-75,4364058573",22634,798,Caquetá
colombia,20621,LA PAZ,"10,3874900073","-73,1713617757",42327,349,Cesar
colombia,68397,LA PAZ,"6,17850468664","-73,5895994589",7995,51,Santander
colombia,25398,LA PEÑA,"5,19896214326","-74,3940946971",5928,120,Cundinamarca
colombia,5390,LA PINTADA,"5,74380769651","-75,6078057481",8541,339,Antioquia
colombia,41396,LA PLATA,"2,3896474978","-75,8914521307",51504,1272,Huila
colombia,99524,LA PRIMAVERA,"5,48633716237","-70,4104207997",11293,16002,Vichada
colombia,85136,LA SALINA,"6,12768708902","-72,3349588132",11256,418,Casanare
colombia,19392,LA SIERRA,"2,17932480074","-76,7632016273",5731,238,Cauca
colombia,63401,LA TEBAIDA,"4,45365278508","-75,786460159",27880,82,Quindío
colombia,52390,LA TOLA,"2,3982099715","-78,1903918916",7376,423,Nariño
colombia,5400,LA UNION,"5,97387113417","-75,3608622911",45774,191,Antioquia
colombia,70400,LA UNION,"8,85397531911","-75,2760559341",23518,200,Sucre
colombia,76400,LA UNION,"4,53378338837","-76,0996048731",71445,229,Valle del Cauca
colombia,50370,LA URIBE,"3,23965331351","-74,3515437091",16396,9883,Meta
colombia,15403,LA UVITA,"6,3162062521","-72,5599870419",6534,155,Boyacá
colombia,19397,LA VEGA,"2,00178599421","-76,7786274369",21825,417,Cauca
colombia,25402,LA VEGA,"4,993079959","-74,331153833",11401,94,Cundinamarca
colombia,76403,LA VICTORIA,"4,52360126987","-76,0365293203",28438,63,Valle del Cauca
colombia,66400,LA VIRGINIA,"4,89654777308","-75,8802026174",47853,101,Risaralda
colombia,54377,LABATECA,"7,29833227871","-72,4958768009",20211,244,Norte de Santander
colombia,15377,LABRANZAGRANDE,"5,56268780724","-72,5777694431",5987,104,Boyacá
colombia,68385,LANDAZURI,"6,21874730469","-73,8110930176",11326,189,Santander
colombia,68406,LEBRIJA,"7,11335571687","-73,2195525933",12859,128,Santander
colombia,52405,LEIVA,"1,93451165112","-77,3062024933",10035,594,Nariño
colombia,50400,LEJANIAS,"3,52474093193","-74,0231951223",9405,7027,Meta
colombia,25407,LENGUAZAQUE,"5,30614737724","-73,7114939184",5746,79,Cundinamarca
colombia,73408,LeRIDA,"4,86202531088","-74,9106356889",14034,85,Tolima
colombia,91001,LETICIA,"-4,19844539201","-69,9415818923",42040,3831,Amazonas
colombia,73411,LiBANO,"4,92041843293","-75,0619532821",16251,84,Tolima
colombia,5411,LIBORINA,"6,67732537607","-75,8128326075",8772,136,Antioquia
colombia,52411,LINARES,"1,35078991287","-77,5237925292",12562,1064,Nariño
colombia,27413,LLORO,"5,49791739086","-76,5450652111",8029,1151,Chocó
colombia,23417,LORICA,"9,2407803614","-75,8160972268",91720,1010,Córdoba
colombia,52418,LOS ANDES,"1,49454575815","-77,5213314727",9197,364,Nariño
colombia,23419,LOS CORDOBAS,"8,89216246089","-76,3551906966",35952,500,Córdoba
colombia,54418,LOURDES,"7,94542916211","-72,8323786178",19387,226,Norte de Santander
colombia,68425,MACARAVITA,"6,50658059488","-72,5931111569",8143,133,Santander
colombia,25430,MADRID,"4,73273240481","-74,2637266314",27626,142,Cundinamarca
colombia,13430,MAGANGUE,"9,26381346247","-74,7667304396",100401,411,Bolívar
colombia,52427,MAGÜI,"1,76531109836","-78,1810627951",9666,301,Nariño
colombia,13433,MAHATES,"10,2332538997","-75,1913392756",38168,573,Bolívar
colombia,44430,MAICAO,"11,3783279454","-72,2419044542",97720,206,La Guajira
colombia,70429,MAJAGUAL,"8,54071408117","-74,6281041912",28451,582,Sucre
colombia,8433,MALAMBO,"10,856822692","-74,7748637454",144046,163,Atlántico
colombia,52435,MALLAMA,"1,14083809331","-77,864427399",12156,784,Nariño
colombia,20443,MANAURE,"10,3907748357","-73,0294704117",27307,760,Cesar
colombia,44560,MANAURE,"11,7739428149","-72,4395863069",10082,765,La Guajira
colombia,17001,MANIZALES,"5,05768733557","-75,4910467146",391937,508,Caldas
colombia,17433,MANZANARES,"5,25570837762","-75,1528372887",17076,100,Caldas
colombia,50325,MAPIRIPaN,"2,89643885969","-72,1356448716",10579,4492,Meta
colombia,13440,MARGARITA,"9,155517395","-74,280926824",30529,272,Bolívar
colombia,15442,MARIPI,"5,55008773144","-74,0040590487",17954,547,Boyacá
colombia,17442,MARMATO,"5,47400212843","-75,6002457911",7335,19,Caldas
colombia,17444,MARQUETALIA,"5,29752541271","-75,0530937905",7798,150,Caldas
colombia,66440,MARSELLA,"4,93556204249","-75,7385816147",41087,98,Risaralda
colombia,5001,MEDELLIN,"6,24858636743","-75,5760017134",2464322,380,Antioquia
colombia,25438,MEDINA,"4,50661521497","-73,3491229581",26899,75,Cundinamarca
colombia,27425,MEDIO ATRATO,"5,99483377021","-76,7824110519",10577,3049,Chocó
colombia,27430,MEDIO BAUDO,"5,1935609214","-76,9496054043",26703,1618,Chocó
colombia,27450,MEDIO SAN JUAN,"5,10024096182","-76,6933579115",16382,4324,Chocó
colombia,73449,MELGAR,"4,20394596681","-74,6409314721",34107,228,Tolima
colombia,50330,MESETAS,"3,38325958558","-74,0443712626",13473,1718,Meta
colombia,15455,MIRAFLORES,"5,19651615513","-73,1456279863",7710,128,Boyacá
colombia,19455,MIRANDA,"3,25456871367","-76,2285628308",47828,665,Cauca
colombia,66456,MISTRATO,"5,29706285959","-75,8828627404",51723,119,Risaralda
colombia,86001,MOCOA,"1,1525800991","-76,6515068624",88204,630,Putumayo
colombia,68464,MOGOTES,"6,47521108164","-72,9698135047",13936,254,Santander
colombia,68468,MOLAGAVITA,"6,6743545443","-72,8094754311",10019,162,Santander
colombia,23464,MOMIL,"9,24071061295","-75,6779588318",13519,247,Córdoba
colombia,15464,MONGUA,"5,75423927382","-72,7981001021",11609,458,Boyacá
colombia,15466,MONGUI,"5,72340786063","-72,8492622931",5893,459,Boyacá
colombia,15469,MONIQUIRA,"5,87633305531","-73,5733706158",16852,248,Boyacá
colombia,23500,MOÑITOS,"9,24527627335","-76,1293957384",21441,507,Córdoba
colombia,5467,MONTEBELLO,"5,94632388294","-75,5235098947",16477,234,Antioquia
colombia,13458,MONTECRISTO,"8,29724472765","-74,4714158637",42054,398,Bolívar
colombia,23466,MONTELIBANO,"7,97377871713","-75,4168167918",54571,919,Córdoba
colombia,63470,MONTENEGRO,"4,56505578418","-75,7498287033",48139,59,Quindío
colombia,23001,MONTERIA,"8,75981523965","-75,8732573059",424426,3105,Córdoba
colombia,85162,MONTERREY,"4,87684630992","-72,8950348515",8723,242,Casanare
colombia,13473,MORALES,"8,27630560493","-73,8681407138",27752,276,Bolívar
colombia,18479,MORELIA,"1,48661416104","-75,7241445423",13765,504,Caquetá
colombia,70473,MORROA,"9,33132173665","-75,306200083",26816,363,Sucre
colombia,25473,MOSQUERA,"4,70701024824","-74,2193416046",83049,79,Cundinamarca
colombia,52473,MOSQUERA,"2,5071274382","-78,4529721975",7937,83,Nariño
colombia,15476,MOTAVITA,"5,57770072028","-73,3678389344",8092,179,Boyacá
colombia,73461,MURILLO,"4,87434134976","-75,1710222819",6857,138,Tolima
colombia,5480,MUTATA,"7,24287193339","-76,4358758959",13094,460,Antioquia
colombia,54480,MUTISCUA,"7,30027741166","-72,7471428991",15740,103,Norte de Santander
colombia,15480,MUZO,"5,53245722089","-74,1027542999",7605,172,Boyacá
colombia,5483,NARIÑO,"5,61077722195","-75,1762617711",32343,319,Antioquia
colombia,25483,NARIÑO,"4,39983661649","-74,8247329958",8224,62,Cundinamarca
colombia,52480,NARIÑO,"1,28897586144","-77,3579742048",22270,1025,Nariño
colombia,41483,NATAGA,"2,54535125354","-75,8087812875",19946,596,Huila
colombia,5495,NECHI,"8,09412977783","-74,7764699611",41223,1018,Antioquia
colombia,17486,NEIRA,"5,16670622135","-75,5198428283",18704,221,Caldas
colombia,41001,NEIVA,"2,93555887476","-75,2777314808",332560,1519,Huila
colombia,25486,NEMOCoN,"5,0687018248","-73,8778894768",9592,123,Cundinamarca
colombia,25488,NILO,"4,30580601104","-74,6199683585",18177,319,Cundinamarca
colombia,25489,NIMAIMA,"5,12602571317","-74,3860115955",5882,129,Cundinamarca
colombia,25491,NOCAIMA,"5,06946324832","-74,3791125286",5406,101,Cundinamarca
colombia,13490,NOROSI,"8,52597866614","-74,0380603025",42234,220,Bolívar
colombia,27491,NOVITA,"4,95606296389","-76,609467281",11052,1481,Chocó
colombia,47460,NUEVA GRANADA,"9,80154812175","-74,392235318",18609,271,Magdalena
colombia,15494,NUEVO COLON,"5,35514851706","-73,4571348371",5939,124,Boyacá
colombia,85225,NUNCHIA,"5,63666390187","-72,1950710689",25857,1161,Casanare
colombia,27495,NUQUI,"5,70952628172","-77,265866996",5932,1010,Chocó
colombia,68498,OCAMONTE,"6,33999508462","-73,1225558791",14076,246,Santander
colombia,54498,OCAÑA,"8,24746216282","-73,355814925",102450,912,Norte de Santander
colombia,68500,OIBA,"6,26517211387","-73,2997849665",22105,482,Santander
colombia,15500,OICATA,"5,59523375635","-73,308404103",14057,207,Boyacá
colombia,52490,OLAYA HERRERA,"2,34758357978","-78,3256184482",9442,1215,Nariño
colombia,41503,OPORAPA,"2,02505692943","-75,9951786162",29979,598,Huila
colombia,86320,ORITO,"0,663818348772","-76,8730276477",30895,1026,Putumayo
colombia,85230,OROCUE,"4,79026959264","-71,3385186268",22429,3252,Casanare
colombia,73504,ORTEGA,"3,93491661562","-75,2226023939",12099,118,Tolima
colombia,52506,OSPINA,"1,05849067089","-77,5660692089",6039,246,Nariño
colombia,15507,OTANCHE,"5,65753554395","-74,1809678964",5669,129,Boyacá
colombia,70508,OVEJAS,"9,52668815702","-75,2290829562",45123,321,Sucre
colombia,15511,PACHAVITA,"5,14006205365","-73,3969550834",5916,272,Boyacá
colombia,19513,PADILLA,"3,22084946043","-76,3132915458",23069,319,Cauca
colombia,15514,PAEZ,"5,09789282185","-73,0525553002",9515,1220,Boyacá
colombia,19517,PAEZ,"2,641347053","-75,971964511",19481,827,Cauca
colombia,41518,PAICOL,"2,44954939456","-75,7729935935",22839,720,Huila
colombia,25518,PAIME,"5,37048460317","-74,1522155939",6751,62,Cundinamarca
colombia,15516,PAIPA,"5,77994168888","-73,1179179167",26885,118,Boyacá
colombia,15518,PAJARITO,"5,29364101567","-72,7032202088",7931,296,Boyacá
colombia,41524,PALERMO,"2,88937485898","-75,4348239701",14727,436,Huila
colombia,41530,PALESTINA,"1,72344447572","-76,1330745868",31168,631,Huila
colombia,68522,PALMAR,"6,53778291763","-73,2910906977",8071,59,Santander
colombia,68524,PALMAS DEL SOCORRO,"6,40613939878","-73,287762166",13116,189,Santander
colombia,76520,PALMIRA,"3,53234954501","-76,2985815873",293347,163,Valle del Cauca
colombia,54518,PAMPLONA,"7,37284757284","-72,64768472",81878,1213,Norte de Santander
colombia,54520,PAMPLONITA,"7,43674631412","-72,6392033235",24781,188,Norte de Santander
colombia,25524,PANDI,"4,19039063967","-74,4866421835",8081,105,Cundinamarca
colombia,15522,PANQUEBA,"6,44307619932","-72,4592015449",5600,215,Boyacá
colombia,52001,PASTO,"1,21245507293","-77,27877597",449550,1218,Nariño
colombia,15531,PAUNA,"5,65632422107","-73,97844971",5870,97,Boyacá
colombia,15533,PAYA,"5,6257001331","-72,4237755806",8960,380,Boyacá
colombia,85250,PAZ DE ARIPORO,"5,88003712521","-71,8909234158",13852,1190,Casanare
colombia,15537,PAZ DE RIO,"5,98764091396","-72,7491433309",16244,234,Boyacá
colombia,47541,PEDRAZA,"10,1882048875","-74,9154587828",30217,1434,Magdalena
colombia,20550,PELAYA,"8,68865050982","-73,6663564352",28615,150,Cesar
colombia,17541,PENSILVANIA,"5,38327868783","-75,1603002765",8083,145,Caldas
colombia,68547,PIEDECUESTA,"6,99735677431","-73,0545933904",177516,188,Santander
colombia,63548,PIJAO,"4,33504179687","-75,7033166279",9519,78,Quindío
colombia,47545,PIJIÑO DEL CARMEN,"9,33195248638","-74,4582175584",18058,447,Magdalena
colombia,68549,PINCHOTE,"6,53206093514","-73,1729190191",7342,60,Santander
colombia,8549,PIOJO,"10,7493431731","-75,1074681737",19443,356,Atlántico
colombia,15550,PISBA,"5,7216213544","-72,4859425146",14249,372,Boyacá
colombia,41548,PITAL,"2,26668106868","-75,8040001118",14355,311,Huila
colombia,41551,PITALITO,"1,85297434352","-76,0490044984",100589,644,Huila
colombia,73555,PLANADAS,"3,19765191111","-75,6439602657",13828,608,Tolima
colombia,23555,PLANETA RICA,"8,40820221055","-75,5832417103",72704,560,Córdoba
colombia,52540,POLICARPA,"1,62734987378","-77,458755671",12322,517,Nariño
colombia,19001,POPAYAN,"2,45994897276","-76,5988923721",274480,512,Cauca
colombia,85263,PORE,"5,72773022764","-71,9928594902",13565,226,Casanare
colombia,76563,PRADERA,"3,41982721892","-76,2418197435",86803,191,Valle del Cauca
colombia,73563,PRADO,"3,75101224596","-74,9274588097",32817,237,Tolima
colombia,52565,PROVIDENCIA,"1,2376869879","-77,596587745",6944,295,Nariño
colombia,20570,PUEBLO BELLO,"10,4172860694","-73,5862472969",43820,1807,Cesar
colombia,23570,PUEBLO NUEVO,"8,50400390305","-75,5079697769",97090,2227,Córdoba
colombia,47570,PUEBLO VIEJO,"10,9948385981","-74,2824768666",33466,754,Magdalena
colombia,68572,PUENTE NACIONAL,"5,87796256489","-73,6781328396",22593,276,Santander
colombia,52573,PUERRES,"0,885125369631","-77,5042106322",8457,397,Nariño
colombia,86568,PUERTO ASIS,"0,505047577006","-76,4972710861",28465,3178,Putumayo
colombia,5579,PUERTO BERRiO,"6,48703921007","-74,4099459786",51447,2386,Antioquia
colombia,15572,PUERTO BOYACa,"5,97664715502","-74,5877827354",43036,164,Boyacá
colombia,99001,PUERTO CARREÑO,"6,1868629253","-67,4869961433",41635,43861,Vichada
colombia,8573,PUERTO COLOMBIA,"11,022939949","-74,851963055",17156,36,Atlántico
colombia,50450,PUERTO CONCORDIA,"2,62308359227","-72,7600452582",6286,5270,Meta
colombia,23574,PUERTO ESCONDIDO,"9,00537056386","-76,2604107447",44700,1387,Córdoba
colombia,50568,PUERTO GAITAN,"4,314485152","-72,083078729",15622,7052,Meta
colombia,86571,PUERTO GUZMAN,"0,962923612274","-76,408521789",10253,1487,Putumayo
colombia,86573,PUERTO LEGUIZAMO,"-0,191870260599","-74,7824713482",19596,5520,Putumayo
colombia,23580,PUERTO LIBERTADOR,"7,88883325281","-75,6718011007",38490,1310,Córdoba
colombia,50573,PUERTO LoPEZ,"4,09340699377","-72,9574366102",21628,2461,Meta
colombia,5585,PUERTO NARE,"6,18602382303","-74,5830116056",33059,927,Antioquia
colombia,68573,PUERTO PARRA,"6,65080789008","-74,0560908372",17690,193,Santander
colombia,18592,PUERTO RICO,"1,90893446756","-75,1574899204",26551,806,Caquetá
colombia,54553,PUERTO SANTANDER,"8,36094479506","-72,4103128587",13622,66,Norte de Santander
colombia,19573,PUERTO TEJADA,"3,23329388435","-76,4173065509",82490,367,Cauca
colombia,5591,PUERTO TRIUNFO,"5,87120719689","-74,6412656382",21485,641,Antioquia
colombia,25580,PULI,"4,68179462875","-74,7144742699",7597,100,Cundinamarca
colombia,52585,PUPIALES,"0,867138527","-77,63350443",27235,1084,Nariño
colombia,23586,PURISIMA,"9,23929988718","-75,7248856036",38182,443,Córdoba
colombia,25594,QUETAME,"4,32982614634","-73,863113968",10409,327,Cundinamarca
colombia,27001,QUIBDO,"5,68099642356","-76,6383968965",102518,704,Chocó
colombia,63594,QUIMBAYA,"4,62438412181","-75,7650742652",44248,77,Quindío
colombia,66594,QUINCHiA,"5,34044152422","-75,7304104711",72407,459,Risaralda
colombia,15580,QUIPAMA,"5,52055370831","-74,1800347561",8647,150,Boyacá
colombia,25596,QUIPILE,"4,74480125713","-74,5337016265",6393,115,Cundinamarca
colombia,54599,RAGONVALIA,"7,57786103871","-72,4767028257",11712,217,Norte de Santander
colombia,15600,RAQUIRA,"5,53906792025","-73,6325018712",8093,85,Boyacá
colombia,85279,RECETOR,"5,22949241387","-72,7611443018",14777,1002,Casanare
colombia,63599,REDUCCIONES,#N/A,#N/A,6302,110,Quindío
colombia,47605,REMOLINO,"10,7021709717","-74,716139312",23793,1081,Magdalena
colombia,50606,RESTREPO,"4,26072972714","-73,5646064827",42213,547,Meta
colombia,76606,RESTREPO,"3,82134249406","-76,5231163453",31640,40,Valle del Cauca
colombia,5607,RETIRO,"6,06338107129","-75,5013756659",22720,42,Antioquia
colombia,52612,RICAURTE,"1,21293165479","-77,9954468866",14127,707,Nariño
colombia,20614,RIO DE ORO,"8,29228968373","-73,3863920498",29161,223,Cesar
colombia,27580,RIO FRIO,"5,18630155772","-76,4729254478",6279,818,Chocó
colombia,27600,RIO QUITO,"5,48372631532","-76,7410079656",7293,2324,Chocó
colombia,13600,RIO VIEJO,"8,587628771","-73,8399447912",44487,183,Bolívar
colombia,76616,RIOFRIO,"4,15690638946","-76,2883093841",46065,105,Valle del Cauca
colombia,17614,RIOSUCIO,"5,42367236012","-75,7020653762",46135,1072,Caldas
colombia,27615,RIOSUCIO,"7,43663369807","-77,1131097247",118505,2030,Chocó
colombia,41615,RIVERA,"2,77757018071","-75,258550208",44984,697,Huila
colombia,52621,ROBERTO PAYAN,"1,69774383269","-78,245659499",15068,1373,Nariño
colombia,76622,ROLDANILLO,"4,41359519174","-76,1522876963",71762,228,Valle del Cauca
colombia,15621,RONDON,"5,35740204136","-73,2084727551",7835,150,Boyacá
colombia,19622,ROSAS,"2,26096996661","-76,7403500133",5593,309,Cauca
colombia,68655,SABANA DE TORRES,"7,39191179389","-73,4990518794",25156,176,Santander
colombia,8638,SABANALARGA,"10,6328326108","-74,9210950072",40183,121,Atlántico
colombia,47660,SABANAS DE SAN ANGEL,"10,0325378237","-74,2139389889",22485,1214,Magdalena
colombia,5631,SABANETA,"6,15096981767","-75,6155845416",71876,15,Antioquia
colombia,15632,SABOYA,"5,69773271604","-73,7646637544",11266,139,Boyacá
colombia,85315,SACAMA,"6,09697473148","-72,2502768792",9913,563,Casanare
colombia,15638,SACHICA,"5,58359189812","-73,5426340731",6336,242,Boyacá
colombia,23660,SAHAGUN,"8,94312756605","-75,4459201696",38726,515,Córdoba
colombia,41660,SALADOBLANCO,"1,99319375367","-76,0447691689",8399,538,Huila
colombia,54660,SALAZAR,"7,77367069702","-72,8131235511",27331,307,Norte de Santander
colombia,73671,SALDAÑA,"3,92970073078","-75,0167694661",27883,238,Tolima
colombia,15646,SAMACA,"5,49231280648","-73,4856416273",5813,254,Boyacá
colombia,52678,SAMANIEGO,"1,33535141458","-77,5944553745",26495,631,Nariño
colombia,70670,SAMPUES,"9,18312851604","-75,3802942192",33429,258,Sucre
colombia,41668,SAN AGUSTIN,"1,8810855128","-76,2703587983",7037,679,Huila
colombia,20710,SAN ALBERTO,"7,76082444485","-73,3942253371",11794,101,Cesar
colombia,5647,SAN ANDRES,"6,91680279924","-75,6747339859",75723,27,Antioquia
colombia,68669,SAN ANDRES,"6,81150917867","-72,8489688078",19764,178,Santander
colombia,88001,SAN ANDReS,"12,578137767","-81,7071295349",75719,27,San Andrés
colombia,23670,SAN ANDRES SOTAVENTO,"9,14515876439","-75,5088929562",35860,572,Córdoba
colombia,23672,SAN ANTERO,"9,37621656532","-75,7607741431",48047,936,Córdoba
colombia,73675,SAN ANTONIO,"3,9140451612","-75,4799125909",9602,52,Tolima
colombia,68673,SAN BENITO,"6,12666534773","-73,5091199864",8420,85,Santander
colombia,70678,SAN BENITO ABAD,"8,92996976102","-75,0311600711",54822,808,Sucre
colombia,25649,SAN BERNARDO,"4,1794285861","-74,422961919",30442,53,Cundinamarca
colombia,52685,SAN BERNARDO,"1,51370439814","-77,0475260871",13513,139,Nariño
colombia,23675,SAN BERNARDO DEL VIENTO,"9,35228972856","-75,9547986436",16586,293,Córdoba
colombia,54670,SAN CALIXTO,"8,40242190738","-73,2085273768",24913,319,Norte de Santander
colombia,5649,SAN CARLOS,"6,18798980145","-74,9879605158",68157,321,Antioquia
colombia,25653,SAN CAYETANO,"5,33293676886","-74,0247543795",8762,64,Cundinamarca
colombia,20750,SAN DIEGO,"10,333031354","-73,1812177024",30661,415,Cesar
colombia,15660,SAN EDUARDO,"5,22409747529","-73,0777254035",5939,132,Boyacá
colombia,13647,SAN ESTANISLAO,"10,3984770306","-75,1532584252",14793,228,Bolívar
colombia,5652,SAN FRANCISCO,"5,96362010537","-75,1015695493",26153,83,Antioquia
colombia,25658,SAN FRANCISCO,"4,97291953172","-74,2896710065",6309,99,Cundinamarca
colombia,68679,SAN GIL,"6,55295530633","-73,1351665257",41994,228,Santander
colombia,13654,SAN JACINTO,"9,8302177331","-75,1210906283",42069,277,Bolívar
colombia,13655,SAN JACINTO DEL CAUCA,"8,25173769531","-74,7208279737",20074,239,Bolívar
colombia,68682,SAN JOAQUIN,"6,42755440169","-72,8676409519",6079,85,Santander
colombia,68684,SAN JOSE DE MIRANDA,"6,6589966561","-72,7336238268",10748,115,Santander
colombia,15664,SAN JOSE DE PARE,"6,01897480756","-73,5453757662",7022,189,Boyacá
colombia,23682,SAN JOSE DE URE,"7,78718605251","-75,5331291795",31684,244,Córdoba
colombia,18610,SAN JOSE DEL FRAGUA,"1,33009035894","-75,9736270384",5934,319,Caquetá
colombia,95001,SAN JOSE DEL GUAVIARE,"2,56608342423","-72,6390287201",42023,19700,Guaviare
colombia,27660,SAN JOSE DEL PALMAR,"4,89759308","-76,232848825",9379,774,Chocó
colombia,50683,SAN JUAN DE ARAMA,"3,37372791392","-73,8758311729",8770,923,Meta
colombia,25662,SAN JUAN DE RIO SECO,"4,84757915971","-74,6219134166",10756,101,Cundinamarca
colombia,5659,SAN JUAN DE URABA,"8,75934428139","-76,5288010416",27198,291,Antioquia
colombia,13657,SAN JUAN NEPOMUCENO,"9,95345322129","-75,081354128",13311,337,Bolívar
colombia,50686,SAN JUANITO,"4,45818278703","-73,6767015182",10579,4893,Meta
colombia,52700,SAN LORENZO,#N/A,#N/A,25130,991,Nariño
colombia,15362,SAN LUIS DE GACENO,"5,61157775921","-72,9795593407",7588,203,Boyacá
colombia,20770,SAN MARTIN,"7,99989421258","-73,5109750558",32397,379,Cesar
colombia,50689,SAN MARTIN,"3,70188012803","-73,6956173593",14212,4434,Meta
colombia,13667,SAN MARTIN DE LOBA,"8,93709261013","-74,0390124624",10336,242,Bolívar
colombia,15673,SAN MATEO,"6,40168195892","-72,5552600266",6234,170,Boyacá
colombia,68686,SAN MIGUEL,"6,57562710592","-72,6441554258",11642,437,Santander
colombia,86757,SAN MIGUEL,"0,343270468548","-76,9124101199",13587,315,Putumayo
colombia,15676,SAN MIGUEL DE SEMA,"5,51808577641","-73,7220038544",7557,115,Boyacá
colombia,70713,SAN ONOFRE,"9,7369328609","-75,5230283613",27997,288,Sucre
colombia,13670,SAN PABLO,"7,47671911473","-73,9241717171",38986,366,Bolívar
colombia,52693,SAN PABLO,"1,66942879125","-77,0139256051",10097,105,Nariño
colombia,15681,SAN PABLO BORBUR,"5,65067434872","-74,0699641591",6282,206,Boyacá
colombia,52694,SAN PEDRO DE CARTAGO,"1,55148084166","-77,1194170341",26129,116,Nariño
colombia,5665,SAN PEDRO DE URABA,"8,27688468914","-76,3805785791",22580,517,Antioquia
colombia,23686,SAN PELAYO,"8,95800878711","-75,8351254915",17015,272,Córdoba
colombia,5667,SAN RAFAEL,"6,29375698332","-75,0279828807",19778,118,Antioquia
colombia,15693,SAN ROSA VITERBO,"5,87455316111","-72,9824613082",11473,305,Boyacá
colombia,19693,SAN SEBASTIAN,"1,83837093703","-76,7693155247",24844,389,Cauca
colombia,5674,SAN VICENTE,"6,28215220866","-75,3326113811",16649,114,Antioquia
colombia,47703,SAN ZENON,"9,24506385456","-74,4989888678",13960,319,Magdalena
colombia,52683,SANDONA,"1,28314414356","-77,4730451357",14389,978,Nariño
colombia,47707,SANTA ANA,"9,32429335632","-74,5668440377",11806,1059,Magdalena
colombia,52696,SANTA BaRBARA,"2,44966434759","-77,9797848955",14678,489,Nariño
colombia,68705,SANTA BARBARA,"6,99050924374","-72,9073349905",13628,174,Santander
colombia,47720,SANTA BARBARA DE PINTO,"9,4322584701","-74,7046839218",10074,258,Magdalena
colombia,13673,SANTA CATALINA,"10,6050569813","-75,2877605206",13218,217,Bolívar
colombia,52699,SANTA CRUZ,"1,22198253409","-77,6770220621",15445,707,Nariño
colombia,68720,SANTA HELENA DEL OPON,"6,33964198008","-73,6167961577",12892,150,Santander
colombia,41676,SANTA MARIA,"2,93974915231","-75,5861244534",30669,521,Huila
colombia,47001,SANTA MARTA,"11,2047725963","-74,2002109893",454191,2388,Magdalena
colombia,19701,SANTA ROSA,"1,70241741098","-76,5739728417",23721,309,Cauca
colombia,66682,SANTA ROSA DE CABAL,"4,87640374593","-75,6234918103",66927,121,Risaralda
colombia,13683,SANTA ROSA DE LIMA,"10,4443941775","-75,369832134",12418,138,Bolívar
colombia,5686,SANTA ROSA de osos,"6,64332643406","-75,460740037",67477,191,Antioquia
colombia,13688,SANTA ROSA DEL SUR,"7,96287055719","-74,0518401571",14124,238,Bolívar
colombia,99624,SANTA ROSALIA,"5,13643185127","-70,859744312",8296,11022,Vichada
colombia,15686,SANTANA,"6,05741393498","-73,481231213",6103,106,Boyacá
colombia,19698,SANTANDER DE QUILICHAO,"3,0160508863","-76,4853693048",75712,221,Cauca
colombia,54680,SANTIAGO,"7,86567709707","-72,7162440314",30514,293,Norte de Santander
colombia,86760,SANTIAGO,"1,14728349518","-77,0021350607",13001,515,Putumayo
colombia,70820,SANTIAGO DE TOLU,"9,52547457425","-75,5811043366",44485,182,Sucre
colombia,52720,SAPUYES,"1,03752383941","-77,6202980414",7465,504,Nariño
colombia,81736,SARAVENA,"6,95386030424","-71,8723328706",41886,3565,Arauca
colombia,15720,SATIVANORTE,"6,13113651918","-72,7084627036",7765,253,Boyacá
colombia,15723,SATIVASUR,"6,09317687278","-72,7124418159",6435,90,Boyacá
colombia,76736,SEVILLA,"4,27071412891","-75,9316229697",73537,101,Valle del Cauca
colombia,15740,SIACHOQUE,"5,51181744443","-73,2446486951",7138,274,Boyacá
colombia,25740,SIBATE,"4,49261081381","-74,2578772349",27724,54,Cundinamarca
colombia,86749,SIBUNDOY,"1,20011541585","-76,9174823545",17836,219,Putumayo
colombia,54743,SILOS,"7,20479131268","-72,7570633326",17837,326,Norte de Santander
colombia,19743,Silvia,"2,611815128","-76,3795694468",24720,440,Cauca
colombia,13744,SIMITI,"7,95442830168","-73,9467782481",18061,237,Bolívar
colombia,70742,SINCE,"9,24419660827","-75,1460313941",24014,218,Sucre
colombia,70001,SINCELEJO,"9,30233021687","-75,395481772",272672,282,Sucre
colombia,27745,SIPI,"4,65120437592","-76,6444041851",11331,812,Chocó
colombia,25754,SOACHA,"4,57939176705","-74,2154309452",454467,71,Cundinamarca
colombia,15759,SOGAMOSO,"5,72568884872","-72,9230476498",115034,294,Boyacá
colombia,18756,SOLANO,"0,69897426193","-75,2537069229",42728,1798,Caquetá
colombia,8758,SOLEDAD,"10,9101742784","-74,7848339582",590924,165,Atlántico
colombia,18785,SOLITA,"0,876668991021","-75,619734067",11616,517,Caquetá
colombia,5756,SONSON,"5,7148075835","-75,3093960124",43393,539,Antioquia
colombia,5761,SOPETRaN,"6,50099259435","-75,7472528656",29518,446,Antioquia
colombia,25758,SOPO,"4,91539965901","-73,9433295095",26887,84,Cundinamarca
colombia,15762,SORA,"5,56684464415","-73,4501549565",15944,141,Boyacá
colombia,15764,SORACA,"5,50090450683","-73,3328033775",6417,123,Boyacá
colombia,15763,SOTAQUIRA,"5,76498918403","-73,2465867116",5828,250,Boyacá
colombia,19760,SOTARA,"2,25313393405","-76,6132965446",11478,118,Cauca
colombia,68770,SUAITA,"6,10353145","-73,438416356",15724,126,Santander
colombia,8770,SUAN,"10,3354309226","-74,8816874004",32053,205,Atlántico
colombia,41770,SUAZA,"1,97584502137","-75,7950572711",19060,273,Huila
colombia,25769,SUBACHOQUE,"4,92907887681","-74,1727096099",10763,60,Cundinamarca
colombia,19785,SUCRE,"2,0382579101","-76,9262768869",20911,339,Cauca
colombia,68773,SUCRE,"5,91874038228","-73,79097771",8315,104,Santander
colombia,70771,SUCRE,"8,81174045357","-74,7232228452",29164,343,Sucre
colombia,17777,SUPIA,"5,44683429424","-75,6496602648",18351,255,Caldas
colombia,68780,SURATA,"7,3665825175","-72,9842351772",20316,236,Santander
colombia,25779,SUSA,"5,45486633706","-73,8140048231",20604,121,Cundinamarca
colombia,15776,SUTAMARCHAN,"5,61978069759","-73,6205898779",9026,110,Boyacá
colombia,25781,SUTATAUSA,"5,24748742315","-73,853153077",9138,76,Cundinamarca
colombia,13780,TALAIGUA NUEVO,"9,30401724098","-74,5674682776",31784,212,Bolívar
colombia,20787,TAMALAMEQUE,"8,86172485582","-73,8121730964",26437,826,Cesar
colombia,85400,TAMARA,"5,82982360982","-72,161823137",11186,521,Casanare
colombia,52786,TAMINANGO,"1,57004727576","-77,2802201494",7005,175,Nariño
colombia,5790,TARAZA,"7,58011943984","-75,4014092118",49167,813,Antioquia
colombia,15790,TASCO,"5,90981708972","-72,7810075025",8546,223,Boyacá
colombia,25793,TAUSA,"5,19655208391","-73,8864782256",12020,103,Cundinamarca
colombia,41799,TELLO,"3,06753684585","-75,1387731609",13521,319,Huila
colombia,25797,TENA,"4,65532786239","-74,3895411831",6087,92,Cundinamarca
colombia,47798,TENERIFE,"9,8977882091","-74,8607737651",11556,623,Magdalena
colombia,25799,TENJO,"4,87195981007","-74,1439551406",29150,78,Cundinamarca
colombia,54800,TEORAMA,"8,43812602697","-73,287073938",24346,395,Norte de Santander
colombia,41801,TERUEL,"2,74097042738","-75,5670364688",9956,176,Huila
colombia,41797,TESALIA,"2,48605278998","-75,7298384859",13557,319,Huila
colombia,25805,TIBACUY,"4,34859760533","-74,4526612198",5382,60,Cundinamarca
colombia,15804,TIBANA,"5,31725075558","-73,396456268",7978,108,Boyacá
colombia,15806,TIBASOSA,"5,74722853114","-72,9994496769",6463,165,Boyacá
colombia,25807,TIBIRITA,"5,05227733692","-73,5045147407",9442,120,Cundinamarca
colombia,23807,TIERRALTA,"8,17037997285","-76,0596965689",108933,1012,Córdoba
colombia,19807,TIMBIO,"2,34997651977","-76,6842365775",8316,153,Cauca
colombia,15808,TINJACA,"5,57971084145","-73,6468538952",8605,314,Boyacá
colombia,15810,TIPACOQUE,"6,418582881","-72,693172676",5617,165,Boyacá
colombia,13810,TIQUISIO,"8,55774228977","-74,2635456215",29147,291,Bolívar
colombia,15814,TOCA,"5,56646952357","-73,1847912527",5728,282,Boyacá
colombia,25817,TOCANCIPA,"4,96478385194","-73,9120940816",52086,53,Cundinamarca
colombia,54820,TOLEDO,"7,30770174274","-72,4819073532",33347,560,Norte de Santander
colombia,70823,TOLU VIEJO,"9,45183874964","-75,4408214257",39152,166,Sucre
colombia,68820,TONA,"7,20140058159","-72,967024817",17819,239,Santander
colombia,15820,TOPAGA,"5,76819800709","-72,832247594",8953,225,Boyacá
colombia,25823,TOPAIPI,"5,33622359875","-74,3006326154",18012,111,Cundinamarca
colombia,19821,TORIBIO,"2,95299012669","-76,2703068212",39961,184,Cauca
colombia,15822,TOTA,"5,56050183137","-72,9858969227",15041,436,Boyacá
colombia,19824,TOTORO,"2,51025062018","-76,4036268299",6929,425,Cauca
colombia,85430,TRINIDAD,"5,41221523214","-71,6633415586",12753,2398,Casanare
colombia,8832,TUBARA,"10,8736512946","-74,9786801062",47162,138,Atlántico
colombia,23815,TUCHIN,"9,18656992554","-75,5538706654",15629,299,Córdoba
colombia,76834,TULUA,"4,08526067539","-76,1977002572",427540,518,Valle del Cauca
colombia,52835,TUMACO,"1,80712244418","-78,7638397247",206473,3488,Nariño
colombia,15001,TUNJA,"5,5399515492","-73,3554896602",189287,120,Boyacá
colombia,15832,TUNUNGUA,"5,730577511","-73,933158144",8675,173,Boyacá
colombia,13836,TURBACO,"10,332772802","-75,424409165",138403,188,Bolívar
colombia,15835,TURMEQUE,"5,32325210287","-73,4918448747",15189,131,Boyacá
colombia,15837,TUTA,"5,68880380751","-73,2308547731",8443,139,Boyacá
colombia,15839,TUTAZA,"6,03261007719","-72,856038442",17491,541,Boyacá
colombia,25839,UBALA,"4,74752288166","-73,5315000926",11731,105,Cundinamarca
colombia,76845,ULLOA,"4,7036280475","-75,7378129291",44087,74,Valle del Cauca
colombia,27810,UNION PANAMERICANA,"5,28109603952","-76,6284048865",10291,1205,Chocó
colombia,5847,URRAO,"6,31731976564","-76,1339511488",33885,228,Antioquia
colombia,44855,URUMITA,"10,5601686746","-73,0125081065",15615,319,La Guajira
colombia,23855,VALENCIA,"8,25501643828","-76,150720786",46183,1052,Córdoba
colombia,73854,VALLE DE SAN JUAN,"4,19749423898","-75,1156695836",19601,212,Tolima
colombia,86865,VALLE DEL GUAMUEZ,"0,423903933588","-76,9059683227",29122,6569,Putumayo
colombia,20001,VALLEDUPAR,"10,4604806696","-73,2593904181",421524,3224,Cesar
colombia,18860,VALPARAISO,"1,19458258545","-75,7065851397",19888,419,Caquetá
colombia,73861,VENADILLO,"4,71796619302","-74,9291695928",17140,188,Tolima
colombia,25506,VENECIA,"4,0889533173","-74,4781884861",20323,103,Cundinamarca
colombia,15861,VENTAQUEMADA,"5,36885763606","-73,5224525403",7383,97,Boyacá
colombia,25862,VERGARA,"5,11730960751","-74,3463679542",6963,56,Cundinamarca
colombia,25867,VIANI,"4,87520248858","-74,5613311936",6453,41,Cundinamarca
colombia,17867,VICTORIA,"5,31741797231","-74,9111571246",41632,238,Caldas
colombia,5873,VIGIA DEL FUERTE,"6,58812341865","-76,8961862476",33145,717,Antioquia
colombia,54871,VILLA CARO,"7,91428193861","-72,9736512466",9192,52,Norte de Santander
colombia,15407,VILLA DE LEYVA,"5,63265703354","-73,5246858959",9432,118,Boyacá
colombia,54874,VILLA DEL ROSARIO,"7,84748634411","-72,4700680064",42150,201,Norte de Santander
colombia,86885,VILLA GARZON,"1,02893997049","-76,6171636979",34542,425,Putumayo
colombia,25871,VILLAGOMEZ,"5,27302546567","-74,1951478206",6295,85,Cundinamarca
colombia,73870,VILLAHERMOSA,"5,03045611726","-75,1177255467",27456,149,Tolima
colombia,17873,VILLAMARiA,"5,043806686","-75,513760602",51885,121,Caldas
colombia,13873,VILLANUEVA,"10,4443304246","-75,2751686679",47518,254,Bolívar
colombia,44874,VILLANUEVA,"10,6088113359","-72,9776225919",32872,1046,La Guajira
colombia,68872,VILLANUEVA,"6,6700764461","-73,1743072555",12422,159,Santander
colombia,85440,VILLANUEVA,"4,61007185165","-72,9280536201",15661,1188,Casanare
colombia,25873,VILLAPINZON,"5,2164390104","-73,5953530971",26862,78,Cundinamarca
colombia,73873,VILLARRICA,"3,93692369495","-74,6002427195",39604,297,Tolima
colombia,50001,VILLAVICENCIO,"4,1238593011","-73,624562528",454613,1176,Meta
colombia,41872,VILLAVIEJA,"3,21883156581","-75,2171038079",26564,404,Huila
colombia,25878,VIOTA,"4,43935379121","-74,5231620222",6606,78,Cundinamarca
colombia,15879,VIRACACHA,"5,43678857653","-73,2969005657",6427,224,Boyacá
colombia,50711,VISTA HERMOSA,"3,1256671671","-73,7510280336",30812,1098,Meta
colombia,17877,VITERBO,"5,06266333127","-75,870613237",25449,100,Caldas
colombia,25885,YACOPI,"5,45928242265","-74,3380248611",21924,292,Cundinamarca
colombia,52885,YACUANQUER,"1,11579938415","-77,4004765826",7641,538,Nariño
colombia,41885,YAGUARA,"2,66469363692","-75,5180231181",8405,319,Huila
colombia,5887,YARUMAL,"6,96387109143","-75,4188327746",72339,121,Antioquia
colombia,5890,YOLOMBO,"6,59459588827","-75,0133479509",23574,100,Antioquia
colombia,85001,YOPAL,"5,32761201728","-72,3969155417",140374,8717,Casanare
colombia,76892,YUMBO,"3,54003276229","-76,4992290977",108564,167,Valle del Cauca
colombia,13894,ZAMBRANO,"9,74628103898","-74,8180006807",24196,319,Bolívar
colombia,47960,ZAPAYAN,"10,1683144095","-74,7168957306",16037,607,Magdalena
colombia,76895,ZARZAL,"4,39262199427","-76,0708484414",61599,121,Valle del Cauca
colombia,15897,ZETAQUIRA,"5,28342464863","-73,1709723341",7495,197,Boyacá
colombia,25898,ZIPACoN,"4,75992897105","-74,3795933564",20501,52,Cundinamarca
colombia,25899,ZIPAQUIRA,"5,02547142431","-73,9944757558",129442,100,Cundinamarca
colombia,47980,ZONA BANANERA,"10,7630254626","-74,1400846875",32899,319,Magdalena